<?xml version="1.0" encoding="UTF-8"?>
<!DOCTYPE mapper PUBLIC "-//mybatis.org//DTD Mapper 3.0//EN" "http://mybatis.org/dtd/mybatis-3-mapper.dtd">
<mapper namespace="com.cxl.mapper.ArticleMapper">

    <!--    向article表插入数据-->
    <insert id="insertIntoArticleAddress">

        insert into articleAddress (articleId,articleAddress) VALUES (#{articleId},#{name})

    </insert>

    <!--    根据articleId实现saw加1-->
    <update id="updateArticleSawUp">

        update article set saw=saw+1 where articleId=#{articleId} and state="0"

    </update>

    <!--    管理员删除文章-->
    <update id="updateArticleStateByUserId">

        update article set state="1" where articleId=#{articleId} and state="0"

    </update>

    <update id="updateLikesByArticleId">

        update articleLikes set state="1" where articleId=#{articleId}

    </update>

    <!--    更新文章-->
    <update id="updateAddArticleWithOutImage">

        update article set articleTitle=#{articleTitle},articleText=#{articleText},articleTime=#{date} where articleId=#{articleId} and state="0"

    </update>
    <!--    修改文章图片地址-->
    <update id="updateArticleAddress">

        update articleAddress set articleAddress=#{name} where articleId=#{articleId}

    </update>

    <!--    查询全部文章 分页显示-->
    <select id="selectAllArticle" resultType="com.cxl.entity.Dto.ArticleDto">

        select * from article where state="0" ORDER BY articleTime DESC limit #{page2},10

    </select>

    <!--    根据id查询图片-->
    <select id="selectArticleAddress" resultType="java.lang.String">

        select articleAddress from articleAddress where articleId=#{articleId}

    </select>

    <!--    查询该登录账号点赞的帖子Id-->
    <select id="selectUserLikesArticle" resultType="java.lang.Integer">

        select articleId from articleLikes where userId=#{userId} and state="0"

    </select>

    <!--    查询全部帖子的数量-->
    <select id="selectCountArticle" resultType="java.lang.Integer">

        select count(*) from article where state="0"

    </select>

    <!--    根据id查询全部信息-->
    <select id="selectArticleByArticleId" resultType="com.cxl.entity.Dto.ArticleDto">

        select * from article where articleId=#{articleId} and state="0"

    </select>

    <!--    //根据likes查询全部信息 分页显示-->
    <select id="selectUserLikesArticleByPage" resultType="java.lang.Integer">

        select articleId from articleLikes where userId=#{userId} and state="0" ORDER BY lastLikeTime DESC limit #{page2},10

    </select>

    <!--    根据articleId查询文章-->
    <select id="selectArticleByArticleIdByPages" resultType="com.cxl.entity.Dto.ArticleDto">

        select * from article where articleId=#{articleId} and state="0"

    </select>

    <!--    查询全部点赞的文章的个数-->
    <select id="selectUserLikesArticleByUserId" resultType="java.lang.Integer">

        select count(*) from articleLikes where userId=#{userId} and state="0"

    </select>

</mapper>
