<?xml version="1.0" encoding="UTF-8"?>
<!DOCTYPE mapper PUBLIC "-//mybatis.org//DTD Mapper 3.0//EN" "http://mybatis.org/dtd/mybatis-3-mapper.dtd">
<mapper namespace="com.cxl.mapper.ArticleLikesMapper">

    <!--    使article表的likes加1-->
    <update id="updateArticleLikesUp">

        update article set likes=likes+1 where articleId=#{articleId} and state="0"

    </update>

    <!--    取消点赞-->
    <update id="updateLikesStateDownByArticleId">

        update articleLikes set state="1" where articleId=#{articleId} and userId=#{userId}

    </update>

    <!--    使Article表的likes减去1-->
    <update id="updateArticleLikesDown">

        update article set likes=likes-1 where articleId=#{articleId} and state="0"

    </update>

    <!--    点赞-->
    <update id="updateLikesStateUpByArticleId">

        update articleLikes set state="0",lastLikeTime=#{date} where articleId=#{articleId} and userId=#{userId}

    </update>

    <!--    先根据userId和articleId去likes表里查询是否已经点赞-->
    <select id="selectByUserIdAndArticleId" resultType="com.cxl.entity.Po.ArticleLikes">

        select * from articleLikes where  articleId=#{articleId} and userId=#{userId}

    </select>

    <!--    根据id查询likes-->
    <select id="selectLikes" resultType="java.lang.Integer">

        select likes from article where articleId=#{articleId}

    </select>
</mapper>
