<?xml version="1.0" encoding="UTF-8"?>
<!DOCTYPE mapper PUBLIC "-//mybatis.org//DTD Mapper 3.0//EN" "http://mybatis.org/dtd/mybatis-3-mapper.dtd">
<mapper namespace="com.cxl.mapper.CommentCategoryMapper">

    <!--    查询全部的分类-->
    <select id="selectAllCommentCategory" resultType="com.cxl.entity.Po.CommentCategory">

        select * from commentCategory where state="0"

    </select>
    <!--    查询人生帖子的数量-->
    <select id="selectCountRenShen" resultType="java.lang.Integer">

        select count(*) from comment where commentCategoryId="1" and state="0"

    </select>

    <!--    查询事业帖子的数量-->
    <select id="selectCountShiYe" resultType="java.lang.Integer">

        select count(*) from comment where commentCategoryId="2" and state="0"

    </select>

    <!--    查询爱情帖子的数量-->
    <select id="selectCountAiQing" resultType="java.lang.Integer">

        select count(*) from comment where commentCategoryId="1" and state="0"

    </select>

    <!--    查询友情帖子的数量-->
    <select id="selectCountYouQing" resultType="java.lang.Integer">

        select count(*) from comment where commentCategoryId="2" and state="0"

    </select>

    <!--    查询亲情帖子的数量-->
    <select id="selectCountQinQing" resultType="java.lang.Integer">

        select count(*) from comment where commentCategoryId="3" and state="0"

    </select>
</mapper>
