<?xml version="1.0" encoding="UTF-8"?>
<!DOCTYPE mapper PUBLIC "-//mybatis.org//DTD Mapper 3.0//EN" "http://mybatis.org/dtd/mybatis-3-mapper.dtd">
<mapper namespace="com.cxl.mapper.CommentSonMapper">

    <!--    将comment的comments的值加1-->
    <update id="updateCommentSetCommentsByCommentId">

        update comment set comments=comments+1 where commentId=#{commentId} and state="0"

    </update>

    <!--    将comment表的saw加1-->
    <update id="updateCommentSawUp">

        update comment set saw=saw+1 where commentId=#{commentId} and state="0"

    </update>

    <!--    删除评论-->
    <update id="updateCommentSonStateByCommentSonId">

        update commentSon set state="1" where commentSonId=#{commentSonId}

    </update>

    <!--    将comment表的comments减1-->
    <update id="updateCommentSetCommentsDownByCommentId">

        update comment set comments=comments-1 where commentId=#{selectCommentIdByCommentSonId}

    </update>

    <!--    根据commentId查询到评论 分页显示-->
    <select id="selectCommentSonByCommentId" resultType="com.cxl.entity.Dto.CommentSonDto">

        select * from commentSon where state="0" and commentId=#{commentId} ORDER BY commentSonDate DESC

    </select>

    <!--    根据commentId查询总评论数-->
    <select id="selectCountCommentSonByCommentId" resultType="java.lang.Integer">

        select count(*) from commentSon where commentId=#{commentId} and state="0"

    </select>

    <!--    根据评论Id查询父帖子Id-->
    <select id="selectCommentIdByCommentSonId" resultType="java.lang.Integer">

        select commentId from commentSon where commentSonId=#{commentSonId}

    </select>

    <!--    查询下架帖子的评论-->
    <select id="selectStateIs2CommentSonByCommentId" resultType="com.cxl.entity.Dto.CommentSonDto">


    </select>
</mapper>
