<?xml version="1.0" encoding="UTF-8"?>
<!DOCTYPE mapper PUBLIC "-//mybatis.org//DTD Mapper 3.0//EN" "http://mybatis.org/dtd/mybatis-3-mapper.dtd">
<mapper namespace="com.cxl.mapper.CommentMapper">
    <!--    向commentAddress表插入数据-->
    <insert id="insertIntoCommentAddress">

        insert into commentAddress (commentId,commentAddress) VALUES (#{commentId},#{name})

    </insert>

    <!--    用户自己删除帖子-->
    <update id="updateCommentStateByUserId">

        update comment set state="1" where userId=#{userId} and commentId=#{commentId} and state="0"

    </update>

    <!--    删除帖子下面的评论-->
    <update id="updateCommentSonStateByCommentId">

        update commentSon set state="1" where commentId=#{commentId}

    </update>

    <!--    删除喜欢这个帖子的全部信息-->
    <update id="updateLikesByCommentId">

        update likes set state="1" where commentId=#{commentId}

    </update>

    <!--    修改帖子的state为2-->
    <update id="updateCommentStateByTo2">

        update comment set state="2" where commentId=#{commentId} and state="0"

    </update>

    <!--    修改likes表下的state为1-->
    <update id="updateLikesStateByCommentId">

        update likes  set  state="1" where commentId=#{commentId}

    </update>

    <!--    修改帖子的state为0-->
    <update id="updateCommentStateByTo0">

        update comment set state="0" where commentId=#{commentId} and state="2"

    </update>

    <!--    根据类别名字查询类别Id 返回-->
    <select id="selectCommentCategoryIdByCommentCategoryName" resultType="java.lang.Integer">

        select commentCategoryId from commentCategory where commentCategoryName=#{commentCategoryName} and state="0"

    </select>

    <!--    查询全部帖子 分页显示-->
    <select id="selectAllCommentByPage" resultType="com.cxl.entity.Dto.CommentDto">

        select * from comment where state="0" ORDER BY commentTime DESC limit #{page2},10

    </select>

    <!--    根据帖子Id查询commentAddress-->
    <select id="selectCommentAddress" resultType="com.cxl.entity.Po.CommentAddress">

        select * from commentAddress where commentId=#{commentId}

    </select>

    <!--    根据commentCategoryId查询commentCategoryName-->
    <select id="selectCommentCategoryNameBycommentCategoryId" resultType="java.lang.String">

        select commentCategoryName from commentCategory where commentCategoryId=#{commentCategoryId} and state="0"

    </select>

    <!--    查询该用户点赞的所有帖子的Id-->
    <select id="selectUserLikeCommentId" resultType="java.lang.Integer">

        select commentId from likes where userId=#{userId} and state="0"

    </select>

    <!--    查询全部帖子的数量-->
    <select id="selectCountComment" resultType="java.lang.Integer">

        select count(*) from comment where state="0"

    </select>

    <!--    根据类别查询帖子 分页显示-->
    <select id="selectCommentByCommentCategoryIdAndPage" resultType="com.cxl.entity.Dto.CommentDto">

        select * from comment where commentCategoryId=#{commentCategoryId} and state="0" ORDER BY commentTime DESC limit #{page2},10

    </select>

    <!--    查询全部类别帖子的数量-->
    <select id="selectCountCommentByCommentCategoryId" resultType="java.lang.Integer">

        select count(*) from comment where state="0" and commentCategoryId=#{commentCategoryId}

    </select>

    <!--    根据commentTitle查询全部comment信息 分页显示-->
    <select id="selectCommentByLikeTitleAndPage" resultType="com.cxl.entity.Dto.CommentDto">

        select * from comment where state="0" and commentTitle like "%"#{commentTitle}"%" ORDER BY commentTime DESC limit #{page2},10

    </select>

    <!--    根据commentTitle查询到所有帖子的数量-->
    <select id="selectCountCommentByLikeCommentTitle" resultType="java.lang.Integer">

        select count(*) from comment where state="0" and commentTitle like "%"#{commentTitle}"%"

    </select>

    <!--    根据userId查询该用户发布的帖子 分页显示-->
    <select id="selectCommentByUserIdAndPage" resultType="com.cxl.entity.Dto.CommentDto">

        select * from comment where userId=#{userId} and state="0" ORDER BY commentTime DESC limit #{page2},10

    </select>

    <!--    根据userId查询全部帖子的数量-->
    <select id="selectCountCommentByUserId" resultType="java.lang.Integer">

        select count(*) from comment where state="0" and userId=#{userId}

    </select>

    <!--    根据用户Id去查询用户喜欢的帖子的Id-->
    <select id="selectLikeCommentByUserId" resultType="java.lang.Integer">

        select commentId from likes where userId=#{userId} and state="0" ORDER BY lastLikeTime DESC limit #{page2},10

    </select>

    <!--    根据commentId查询comment-->
    <select id="selectCommentByCommentIdForLikes" resultType="com.cxl.entity.Dto.CommentDto">

        select * from comment where commentId=#{commentId} and state="0"

    </select>
    <!--    根据userId查询全部喜欢的帖子的数量-->
    <select id="selectCountCommentByUserIdLike" resultType="java.lang.Integer">

        select count(*) from likes where userId=#{userId} and state="0"

    </select>

    <!--    根据commentId查询comment-->
    <select id="selectCommentByCommentId" resultType="com.cxl.entity.Dto.CommentDto">

        select * from comment where commentId=#{commentId} and state="0"

    </select>

    <!--    查询全部下架帖子的数量-->
    <select id="selectCounts" resultType="java.lang.Integer">

        select count(*) from comment where state="2"

    </select>

    <select id="selectLikesAndCommentsAndSawByCommentId" resultType="com.cxl.entity.Dto.CommentDot1">
        select * from comment where commentId=#{commentId} and state="0"
    </select>

    <!--    根据id查询下架帖子-->
    <select id="selectCommentByCommentIdAndStateIs2" resultType="com.cxl.entity.Dto.CommentDto">

        select * from comment where commentId=#{commentId} and state="2"

    </select>

</mapper>
