<?xml version="1.0" encoding="UTF-8"?>
<!DOCTYPE mapper PUBLIC "-//mybatis.org//DTD Mapper 3.0//EN" "http://mybatis.org/dtd/mybatis-3-mapper.dtd">
<mapper namespace="com.cxl.mapper.LikesMapper">
    <!--    向likes表插入数据-->
    <insert id="lieksByUserIdAndCommentId">

        insert into likes (userId,commentId,state,lastLikeTime) VALUES (#{userId},#{commentId},"0",#{date})

    </insert>
    <!--    实现comment表的likes+1-->
    <update id="updateCommentLikesUpByCommentId">

        update comment set likes=likes+1 where commentId=#{commentId} and state="0"

    </update>
    <!--    取消点赞-->
    <update id="updateLikesStateDownByLikesId">

        update likes set state="1" where likesId=#{likesId}

    </update>
    <!--    comment表likes-1-->
    <update id="updateCommentLikesDownByCommentId">

        update comment set likes=likes-1 where commentId=#{commentId} and state="0"

    </update>
    <!--    修改为点赞-->
    <update id="updateLikesStateUpByLikesId">

        update likes set state="0",lastLikeTime=#{date} where likesId=#{likesId}

    </update>

    <!--    根据userId和commentId查询是否有点赞-->
    <select id="selectByUserIdAndCommentId" resultType="com.cxl.entity.Po.Likes">

        select * from likes where userId=#{userId} and commentId=#{commentId}

    </select>

    <!--    根据id查询点赞数量-->
    <select id="selectLikesByCommentId" resultType="java.lang.String">

        select likes from comment where commentId=#{commentId}

    </select>
</mapper>
