<?xml version="1.0" encoding="UTF-8"?>
<!DOCTYPE mapper PUBLIC "-//mybatis.org//DTD Mapper 3.0//EN" "http://mybatis.org/dtd/mybatis-3-mapper.dtd">
<mapper namespace="com.cxl.mapper.UserMapper">
    <!--    插入用户头像-->
    <insert id="insertDefaultUserPortraitAddress">

        insert into userPortraitAddress (userId,userPortraitAddress) VALUES (#{userId},#{defaultUserPortraitAddress})

    </insert>
    <!--    插入用户权限-->
    <insert id="insertDefaultUserRole">

        insert into userRole (userId,userRole) VALUES (#{userId},#{role})

    </insert>
    <!--    根据userId插入token-->
    <update id="updateUserToken">

        update user set token=#{token} where userId=#{userId} and state="0"

    </update>
    <!--    删除用户-->
    <update id="updateUserState">

        update user set state="1" where userId=#{updateUserId}

    </update>
    <!--    插入邮箱-->
    <update id="updateUserEmailByUserId">

        update user set email=#{email} where userId=#{userId}  and state="0"

    </update>
    <!--    -->
    <update id="updateUserPassword">

        update user set password=#{newMd5Password} where userId=#{userId} and state="0"

    </update>
    <!--    修改用户名-->
    <update id="changeUserName">

        update user set username=#{newUsername} where userId=#{userId} and state="0"

    </update>

    <!--    删除用户权限-->
    <delete id="deleteUserRole">

        DELETE FROM userRole WHERE userId=#{updateUserId}

    </delete>


    <!--    根据username查询是否已经有账号-->
    <select id="selectUserByUsername" resultType="com.cxl.entity.Po.User">

        select * from user where username=#{username} and state="0"

    </select>
    <!--    查询账号是否已经存在-->
    <select id="selectUserByUsernameAndPassword" resultType="com.cxl.entity.Po.User">

        select * from user where username=#{username} and password=#{passwordPo} and state="0"

    </select>
    <!--    获取头像-->
    <select id="selectUserPortraitAddressByUserId" resultType="java.lang.String">

        select userPortraitAddress from userPortraitAddress where userId=#{userId}

    </select>
    <!--    获取用户权限-->
    <select id="selectUserRoleByUserId" resultType="java.lang.String">

        select userRole from userRole where  userId=#{userId}

    </select>
    <!--    获取用户token-->
    <select id="selectTokenByUserId" resultType="java.lang.String">

        select token from user where userId=#{userId} and state="0"

    </select>
    <!--    根据邮箱查询账号-->
    <select id="selectUserByEmail" resultType="com.cxl.entity.Po.User">

        select * from user where email=#{email} and state="0"

    </select>

    <!--    根据userId查询username-->
    <select id="selectUsernameByUserId" resultType="java.lang.String">

        select username from user where userId=#{userId} and state="0"

    </select>

    <!--    查询用户权限为user的id-->
    <select id="selectAllRoleByUser" resultType="java.lang.Integer">

        select userId from userRole where userRole="user" limit #{page2},10

    </select>

    <!--    根据userId查询全部user-->
    <select id="selectUserByUserId" resultType="com.cxl.entity.Dto.UserDto">

        select * from user where userId=#{userId} and state="0"

    </select>

    <!--    查询全部用户的数量-->
    <select id="selectCountByUser" resultType="java.lang.Integer">

        select count(*) from userRole where userRole="user"

    </select>
    <!--    查询全部下架帖子 分页显示-->
    <select id="selectCommentByStateIs2" resultType="com.cxl.entity.Dto.CommentDto">

        select * from comment where state="2" limit #{page2},10

    </select>

<!--    根据openId查询userId-->

    <select id="selectUserIdByOpenId" resultType="com.cxl.entity.Po.User">

        select * from user where openId=#{openId} and state="0"

    </select>


</mapper>
